"","rain","month"
"1",12.5182501983843,"JAN"
"2",13.6653706867184,"FEB"
"3",6.941170097563,"MAR"
"4",5.66603119474675,"APR"
"5",0,"MAY"
"6",54.6202853891974,"JUN"
"7",235.273204591331,"JUL"
"8",244.070933566498,"AUG"
"9",131.721085584184,"SEP"
"10",20.7915600535794,"OCT"
"11",0.124049235105685,"NOV"
"12",8.40949713825552,"DEC"
