"","rain","month","YEAR"
"1",20.6206816511196,"JAN",2016
"2",25.2945012400433,"FEB",2016
"3",20.1285478532055,"MAR",2016
"4",14.1476638046159,"APR",2016
"5",0,"MAY",2016
"6",2.63871811607762,"JUN",2016
"7",218.860323255213,"JUL",2016
"8",255.924468243146,"AUG",2016
"9",150.009016428094,"SEP",2016
"10",31.4431273220172,"OCT",2016
"11",6.54134708148172,"NOV",2016
"12",5.56260792895753,"DEC",2016
