"","rain","month","YEAR"
"1",20.6206816511196,"JAN",2015
"2",25.2945012400433,"FEB",2015
"3",20.1285478532055,"MAR",2015
"4",14.1476638046159,"APR",2015
"5",0,"MAY",2015
"6",2.63871811607762,"JUN",2015
"7",218.860323255213,"JUL",2015
"8",255.924468243146,"AUG",2015
"9",150.009016428094,"SEP",2015
"10",31.4431273220172,"OCT",2015
"11",6.54134708148172,"NOV",2015
"12",5.56260792895753,"DEC",2015
